,avg_sentiment,score,number_of_comments,upvote_ratio
avg_sentiment,1.0,-0.3007491839878614,-0.2634076540692235,0.009291487275456832
score,-0.3007491839878614,1.0,0.9307954930702942,0.08783525888871675
number_of_comments,-0.2634076540692235,0.9307954930702942,1.0,-0.009619188498656561
upvote_ratio,0.009291487275456832,0.08783525888871675,-0.009619188498656561,1.0
